target,phase_hours,flux,err,n,n_nights
CoRoT-2,-1.5750000000000008,0.9981911961202454,0.002012704163172329,7,2
CoRoT-2,-1.425000000000001,1.0016283504421408,0.0017606764266615183,5,2
CoRoT-2,-1.275000000000001,0.9966954493040899,0.006634611282626723,6,2
CoRoT-2,-1.125000000000001,0.9962174247031542,0.004876664434911705,6,2
CoRoT-2,-0.9750000000000012,0.9897425004645868,0.0020907472137402703,6,2
CoRoT-2,-0.8250000000000013,0.9993161104463528,0.0024804128046991927,5,2
CoRoT-2,-0.6750000000000014,0.9932059187036922,0.0030736643563927996,6,2
CoRoT-2,-0.5250000000000015,1.0006320872814516,0.004241170086843574,6,2
CoRoT-2,-0.37500000000000155,0.9870895205658274,0.010437533568486224,7,2
CoRoT-2,-0.22500000000000164,1.001581695626663,0.02205215819602556,5,2
CoRoT-2,-0.07500000000000173,1.012214175880783,0.018820037155285303,6,2
CoRoT-2,0.07499999999999818,0.9955919066407155,0.0016406120937398393,6,2
CoRoT-2,0.2249999999999981,0.9971451511839167,0.0159841388578831,7,2
CoRoT-2,0.374999999999998,0.9939882258308913,0.02295068996848308,5,2
CoRoT-2,0.5249999999999979,0.9966995324220593,0.0026403004818031334,6,2
CoRoT-2,0.6749999999999978,1.0012834922172442,0.002182311494568045,6,2
CoRoT-2,0.8249999999999977,0.9969419770528692,0.00519121640419599,7,2
CoRoT-2,0.9749999999999974,1.0023825626934484,0.0031638368452844207,5,2
CoRoT-2,1.1249999999999973,1.0047101984429019,0.001918438687239709,6,2
CoRoT-2,1.2749999999999977,0.9953571687119167,0.0021940864732742705,6,2
CoRoT-2,1.4249999999999976,1.002557395976084,0.002935290729043299,7,2
CoRoT-2,1.574999999999997,0.9988954442137378,0.0038360035731330113,5,2
CoRoT-2,1.724999999999997,1.0063590606757142,0.0027755969995916854,6,2
CoRoT-2,1.8749999999999973,1.0066930344339164,0.005586837512364619,6,2
CoRoT-2,2.0249999999999972,1.0101285234250375,0.0032415662343111646,7,2
CoRoT-2,2.1749999999999967,1.0009215809299252,0.00253463849648789,5,2
CoRoT-2,2.3249999999999966,1.011333083788132,0.0033785613678898414,6,2
CoRoT-2,2.474999999999997,1.024054445098063,0.004198019372517815,6,2
HATP-10,-0.07500000000000173,0.9906576635924462,0.007568715986029404,5,1
HATP-10,0.07499999999999818,0.9961556286155138,0.00391505146561948,5,1
HATP-10,0.2249999999999981,0.9986423900012087,0.01033737793816167,6,1
HATP-10,0.374999999999998,0.9910340719684291,0.005196743033689962,5,1
HATP-10,0.5249999999999979,1.0028613565223834,0.0031857290299836106,5,1
HATP-10,0.6749999999999978,1.0004064462051843,0.002153449693835464,5,1
HATP-10,0.8249999999999977,1.0106076077061201,0.006995632547370278,6,1
HATP-10,0.9749999999999974,1.012440186344569,0.004576944766784588,5,1
HATP-10,1.1249999999999973,1.008028587649868,0.006179898083769069,3,1
HATP-10,1.4249999999999976,1.0023044687874954,0.005261241456018319,4,1
HATP-10,1.574999999999997,1.0111556437853944,0.0018546587699699547,3,1
HATP-10,1.724999999999997,1.0072571742516923,0.023841518112540826,3,1
HATP-10,2.0249999999999972,1.020467701686597,0.012835144665139353,4,1
HATP-10,2.1749999999999967,0.9877838899437805,0.011923258628750369,3,1
HATP-10,2.3249999999999966,1.0082873622122408,0.00426178500100804,3,1
Qatar-1,-1.7250000000000008,1.0033195548811467,0.0030335741957071816,5,2
Qatar-1,-1.5750000000000008,0.9918743342787374,0.00403170974803226,6,2
Qatar-1,-1.425000000000001,0.996496915855687,0.0036229666524168203,7,2
Qatar-1,-1.275000000000001,0.9966963995223186,0.004412911857690228,6,2
Qatar-1,-1.125000000000001,1.009519973887031,0.002228087031348925,5,2
Qatar-1,-0.9750000000000012,0.9964850113782645,0.0041774801992674965,6,2
Qatar-1,-0.8250000000000013,0.9994049348871897,0.005926491477256546,7,2
Qatar-1,-0.6750000000000014,1.0021378404925776,0.0038271299387001834,6,2
Qatar-1,-0.5250000000000015,1.0067897460100161,0.006308565688591488,5,2
Qatar-1,-0.37500000000000155,0.9967043652347773,0.009939765367681864,6,2
Qatar-1,-0.22500000000000164,1.010320199565035,0.009222409734641732,7,2
Qatar-1,-0.07500000000000173,1.002283934086111,0.008604893399343031,6,2
Qatar-1,0.07499999999999818,1.000051978407742,0.0036596566140715023,5,2
Qatar-1,0.2249999999999981,1.007056813601157,0.0070953740098580395,6,2
Qatar-1,0.374999999999998,0.9916861014887652,0.005240762527767672,7,2
Qatar-1,0.5249999999999979,0.9985991700360832,0.0014263636021710597,6,2
Qatar-1,0.6749999999999978,1.002961076722112,0.007582424798450502,5,2
Qatar-1,0.8249999999999977,0.9974082814566538,0.004153308918405572,6,2
Qatar-1,0.9749999999999974,0.9880609128854093,0.00704579447784541,7,2
Qatar-1,1.1249999999999973,0.9959690657228583,0.003878677449263898,6,2
Qatar-1,1.2749999999999977,0.991257369970404,0.00960774554676702,5,2
Qatar-1,1.4249999999999976,0.9958928994103078,0.005809250320923963,6,2
Qatar-1,1.574999999999997,0.9920276489019962,0.006072726415443359,7,2
Qatar-1,1.724999999999997,1.0039762044855194,0.0006082634276242452,3,1
TRES-3,-1.5750000000000008,1.0010180688935593,0.005712403792770242,6,3
TRES-3,-1.425000000000001,0.9985378012091477,0.01175837457455787,11,3
TRES-3,-1.275000000000001,1.0016340057961859,0.005723807761234003,9,3
TRES-3,-1.125000000000001,0.9999787014643443,0.013943868125523088,9,3
TRES-3,-0.9750000000000012,1.0022299369241117,0.03525742503872718,8,3
TRES-3,-0.8250000000000013,0.9989729806779113,0.007906545111408796,8,3
TRES-3,-0.6750000000000014,1.019620018699414,0.07786509495971089,11,4
TRES-3,-0.5250000000000015,0.9956122873230666,0.010246045432624602,12,4
TRES-3,-0.37500000000000155,1.0115342702620747,0.014158443705843411,12,4
TRES-3,-0.22500000000000164,0.9973613330696538,0.009405000517058342,12,4
TRES-3,-0.07500000000000173,1.0262192661435794,0.05316575958719484,12,4
TRES-3,0.07499999999999818,1.0020747385314503,0.007511555494758362,12,4
TRES-3,0.2249999999999981,0.997724120914412,0.003989559095649752,12,4
TRES-3,0.374999999999998,1.005987135573462,0.08100650612680936,12,4
TRES-3,0.5249999999999979,0.9983469382516371,0.02470838399663891,12,4
TRES-3,0.6749999999999978,1.0136182132889147,0.0053037132602656014,10,4
TRES-3,0.8249999999999977,0.9935033436446898,0.012629649911738965,12,4
TRES-3,0.9749999999999974,0.9997381119796389,0.0042821904030600775,9,3
TRES-3,1.1249999999999973,0.9964784975480128,0.00743818686475619,9,3
TRES-3,1.2749999999999977,1.0043798091731377,0.003062724108426985,8,3
TRES-3,1.4249999999999976,0.9962571653987052,0.006548933967358256,8,3
TRES-3,1.574999999999997,0.9990906971943394,0.005376405512296229,8,3
TRES-3,1.724999999999997,1.002110692623017,0.008786232227728268,7,3
TRES-3,1.8749999999999973,0.9867080662130543,0.003292827449534302,5,3
TRES-5,-1.8750000000000007,1.0742733884168918,0.043555135071010706,4,4
TRES-5,-1.7250000000000008,1.0074185980605113,0.0048813694615635695,12,5
TRES-5,-1.5750000000000008,1.0063965877296788,0.006701874965100598,16,5
TRES-5,-1.425000000000001,1.001726710187644,0.004174831795403828,22,6
TRES-5,-1.275000000000001,0.9997914236906394,0.004665117357353385,20,6
TRES-5,-1.125000000000001,1.0028624204776075,0.0065510520458664165,17,6
TRES-5,-0.9750000000000012,1.0036571720603442,0.0037340376894985255,18,6
TRES-5,-0.8250000000000013,0.9993148824623226,0.003203782404857886,19,6
TRES-5,-0.6750000000000014,1.0041364916414068,0.003936827798999327,18,6
TRES-5,-0.5250000000000015,1.0029959775530428,0.011247025251874739,17,6
TRES-5,-0.37500000000000155,1.0010036449811168,0.03157218082878549,17,6
TRES-5,-0.22500000000000164,1.0039393307485285,0.062492337927352495,18,6
TRES-5,-0.07500000000000173,1.0017498785010042,0.005986247701462685,18,6
TRES-5,0.07499999999999818,0.9972738372244884,0.0042449019083026784,17,6
TRES-5,0.2249999999999981,0.9973819755044451,0.0027343387376445147,18,6
TRES-5,0.374999999999998,1.000119047353482,0.009608845453973721,19,6
TRES-5,0.5249999999999979,0.9944646977930223,0.002728836551707805,18,6
TRES-5,0.6749999999999978,0.9947178875399544,0.004855683092584221,17,6
TRES-5,0.8249999999999977,0.9954932690322751,0.006995481813318255,16,6
TRES-5,0.9749999999999974,0.9993439291023517,0.004249451673566133,15,5
TRES-5,1.1249999999999973,0.99520375631183,0.004732931316725703,12,4
TRES-5,1.2749999999999977,0.9944588201688269,0.0034884375319773056,10,4
TRES-5,1.4249999999999976,0.9972335891652782,0.0026875553262131506,13,4
TRES-5,1.574999999999997,0.9970590814259932,0.01537799561875518,13,4
TRES-5,1.724999999999997,1.0038545811560415,0.017811017405538653,10,4
WASP-2,-0.22500000000000164,1.5496235557808928,0.13101836211650872,3,1
WASP-2,-0.07500000000000173,1.5784119677762087,0.03405621613536677,3,1
WASP-2,0.07499999999999818,1.2571362763487401,0.05130598595950754,3,1
WASP-2,0.2249999999999981,1.0565591600379245,0.009087867514340072,3,1
WASP-2,0.374999999999998,1.107599522323096,0.15855487872659849,3,1
WASP-2,0.5249999999999979,0.9082962882603295,0.04736733697056263,3,1
WASP-2,0.6749999999999978,0.9969185552300035,0.046380180493329086,3,1
WASP-2,0.8249999999999977,0.8760135697989094,,3,1
WASP-2,1.1249999999999973,0.6405269132408947,0.12537733425119837,3,1
WASP-2,1.4249999999999976,0.8326299493980471,0.005739446054721496,3,1
WASP-2,1.574999999999997,1.0,0.09369135549166874,3,1
WASP-2,1.724999999999997,1.2154106510345122,0.1883183860574512,3,1
WASP-2,1.8749999999999973,1.0107984349590373,0.027916915432700612,3,1
WASP-2,2.0249999999999972,1.056677579721962,0.06328036706637674,3,1
WASP-2,2.1749999999999967,0.8670563389593003,0.012047635921450911,3,1
WASP-2,2.474999999999997,0.8565974390009827,0.040788512981251676,3,1
WASP-2,2.7749999999999964,0.9122179631299541,0.11222980975932123,3,1
WASP-2,2.9249999999999963,0.9173832786462536,,3,1
